use minishop;

insert into color (color_id, color_name) values (1, 'Violet');
insert into color (color_id, color_name) values (2, 'Turquoise');
insert into color (color_id, color_name) values (3, 'Pink');
insert into color (color_id, color_name) values (4, 'Goldenrod');
insert into color (color_id, color_name) values (5, 'Green');
insert into color (color_id, color_name) values (6, 'Goldenrod');
insert into color (color_id, color_name) values (7, 'Aquamarine');
insert into color (color_id, color_name) values (8, 'Maroon');


insert into role (role_id, role_name) values (1, 'trockingham0');
insert into role (role_id, role_name) values (2, 'lpepperill1');

insert into size (size_id, size_name) values (1, 'S');
insert into size (size_id, size_name) values (2, 'XL');
insert into size (size_id, size_name) values (3, 'XXL');
insert into size (size_id, size_name) values (4, 'XS');
insert into size (size_id, size_name) values (5, 'L');
insert into size (size_id, size_name) values (6, 'M');

INSERT INTO category VALUES (1, "Man");
INSERT INTO category VALUES (2, "Woman");
INSERT INTO category VALUES (3, "Shoes");
INSERT INTO category VALUES (4, "Jacket");
INSERT INTO category VALUES (5, "Socks");

INSERT INTO product VALUES (1, "Nike Exploration Series", "https://static.nike.com/a/images/c_limit,w_318,f_auto/t_product_v1/b0cccd97-5dc7-4dba-b720-ab7863109ebf/exploration-series-basketball-t-shirt-8dkWTQ.jpg", "Men's Basketball T-Shirt", 100, 1);
INSERT INTO product VALUES (2, "Jordan Air", "https://static.nike.com/a/images/c_limit,w_318,f_auto/t_product_v1/a2bea778-e663-4e7f-9738-ba2bb0203788/jordan-air-fleece-trousers-VxtGw0.jpg", "Men's Fleece Trouser", 100, 1);
INSERT INTO product VALUES (3, "Jordan Air", "https://static.nike.com/a/images/c_limit,w_318,f_auto/t_product_v1/6e2be50d-68e8-4e2d-a6fd-771d7271bb84/jordan-air-short-sleeve-crew-k10t9C.jpg", "Men's Short-Sleeve Crew", 120, 1);
INSERT INTO product VALUES (4, "Jordan Flight", "https://static.nike.com/a/images/c_limit,w_318,f_auto/t_product_v1/144e79cd-590c-49e5-9c09-567913d120b6/jordan-flight-warm-up-jacket-tCg9QH.jpg", "Men's warn-up jackets", 150, 1);
INSERT INTO product VALUES (5, "Nike Dri-FIT Miler", "https://static.nike.com/a/images/c_limit,w_318,f_auto/t_product_v1/cb78126d-6abf-4169-826e-7453f971923e/dri-fit-miler-running-top-gJH4Zt.jpg", "Men's Running Top", 125, 1);

INSERT INTO product VALUES (6, "Nike Swoosh Icon Clash", "https://static.nike.com/a/images/c_limit,w_318,f_auto/t_product_v1/70c6121f-e4ec-4057-bf0a-e3788b53f197/swoosh-icon-clash-support-printed-sports-bra-M4tSLd.jpg", "Women's Medium Support", 123, 2);
INSERT INTO product VALUES (7, "Nike Icon Clash Tiempo", "https://static.nike.com/a/images/c_limit,w_318,f_auto/t_product_v1/69677db9-f9eb-4a1f-808e-e57b1aa97255/icon-clash-tempo-running-shorts-s5qnLs.jpg", "Women's Running Short", 250, 2);
INSERT INTO product VALUES (8, "Nike Icon Clash Fast", "https://static.nike.com/a/images/c_limit,w_318,f_auto/t_product_v1/25094ff4-dfea-4410-af94-c9e199bb7af5/icon-clash-fast-running-leggings-sHKJxQ.jpg", "Women's Running Leggings", 200, 2);
INSERT INTO product VALUES (9, "Nike One Icon Clash", "https://static.nike.com/a/images/c_limit,w_318,f_auto/t_product_v1/e9b3a9c6-4b55-4fa1-97e3-b41d0cfa6b91/one-icon-clash-leggings-5pW1Nv.jpg", "Women's Leggings", 300, 2);
INSERT INTO product VALUES (10, "Nike Icon Clash 10k", "https://static.nike.com/a/images/c_limit,w_318,f_auto/t_product_v1/45203076-7b49-42be-b11a-aa6391c2930a/icon-clash-10k-running-top-xn50PV.jpg", "Women's Running Top", 75, 2);

INSERT INTO product VALUES (11, "Men's Running Shoes", "https://static.nike.com/a/images/c_limit,w_318,f_auto/t_product_v1/nbtubci4esz9nofyrdlv/epic-phantom-react-flyknit-running-shoe-J4msqR.jpg", "Nike Epic Phantom React Flyknit", 120, 3);
INSERT INTO product VALUES (12, "Men's Running Shoes", "https://static.nike.com/a/images/c_limit,w_318,f_auto/t_product_v1/oxxrf1ohfc22hblkf1o8/legend-react-running-shoe-30157X.jpg", "Nike Legend React", 250, 3);
INSERT INTO product VALUES (13, "Men's Running Shoes", "https://static.nike.com/a/images/c_limit,w_318,f_auto/t_product_v1/e7dad55b-56d7-46ad-8558-aea05042bd0f/react-infinity-run-flyknit-running-shoe-xC1vr3.jpg", "Nike React Infinity", 1000, 3);
INSERT INTO product VALUES (14, "Men's Running Shoes", "https://static.nike.com/a/images/c_limit,w_318,f_auto/t_product_v1/1738cc7b-1e1f-4f10-bdc0-c52675b38cd0/react-infinity-run-flyknit-running-shoe-ZjGHFz.jpg", "Nike Air Force 1", 500, 3);
INSERT INTO product VALUES (15, "Men's Running Shoes", "https://static.nike.com/a/images/c_limit,w_318,f_auto/t_product_v1/9c7849e1-d4a3-488c-8479-39583a23a832/air-zoom-pegasus-37-running-shoe-vlzXhM.jpg", "Nike React Phantom Legend II", 300, 3);

INSERT INTO product VALUES (16, "Men's Training Crew", "https://static.nike.com/a/images/c_limit,w_318,f_auto/t_product_v1/db47e3d0-dff2-4b26-a9a5-578b3b77562c/therma-training-crew-HXLZ7p.jpg", "Nike Therma", 500, 4);
INSERT INTO product VALUES (17, "Men's Full-Zip Training Hoodie", "https://static.nike.com/a/images/c_limit,w_318,f_auto/t_product_v1/ff4bc4f0-e598-46d9-8d95-4362bf7b3e5a/therma-training-hoodie-nPRfnT.jpg", "Nike Sportwear Tech Fleece", 550, 4);
INSERT INTO product VALUES (18, "Men's Full-Zip Hoodie", "https://static.nike.com/a/images/c_limit,w_318,f_auto/t_product_v1/ff4bc4f0-e598-46d9-8d95-4362bf7b3e5a/therma-training-hoodie-nPRfnT.jpg", "Nike Therma", 760, 4);
INSERT INTO product VALUES (19, "Men's Printed Skate Hoodie", "https://static.nike.com/a/images/c_limit,w_318,f_auto/t_product_v1/6172d719-2f0d-4207-a3f4-8e617e9e5b9e/sb-printed-skate-hoodie-m1Z31T.jpg", "Nike SB", 100, 4);
INSERT INTO product VALUES (20, "Men's Pullover Hoodie", "https://static.nike.com/a/images/c_limit,w_318,f_auto/t_product_v1/25f1db3c-a74b-491b-bcb5-65c36ad04056/team-31-courtside-nba-1-2-zip-sweatshirt-cJrvJ2.jpg", "Nike Sportwear", 345, 4);

INSERT INTO product VALUES (21, "Basketball Crew Socks", "https://c.static-nike.com/a/images/c_limit,w_318,f_auto/t_product_v1/iazjwushgugqwzlo0jzx/everyday-cushioned-training-no-show-socks-R1C77V.jpg", "Lebrons Elite", 250, 5);
INSERT INTO product VALUES (22, "Crew Socks", "https://c.static-nike.com/a/images/c_limit,w_318,f_auto/t_product_v1/iazjwushgugqwzlo0jzx/everyday-cushioned-training-no-show-socks-R1C77V.jpg", "Nike Sportwear Essensial", 356, 5);
INSERT INTO product VALUES (23, "Ankle Socks", "https://c.static-nike.com/a/images/c_limit,w_318,f_auto/t_product_v1/iazjwushgugqwzlo0jzx/everyday-cushioned-training-no-show-socks-R1C77V.jpg", "Nike Racing", 50, 5);
INSERT INTO product VALUES (24, "Ankle Socks", "https://static.nike.com/a/images/c_limit,w_318,f_auto/t_product_v1/qck7shu2rmvfdajhcfvt/spark-lightweight-no-show-running-socks-XPJpmR.jpg", "Nike Spark Lightweight", 8, 5);
INSERT INTO product VALUES (25, "Running Socks", "https://static.nike.com/a/images/c_limit,w_318,f_auto/t_product_v1/i1-3c4545dd-4e66-47f5-ad81-477e375261b3/snkr-sox-crew-socks-QkqQ2D.jpg", "Nike Elite", 97, 5);

insert into promotion (promotion_id, promotion_name, promotion_start, promotion_end, promotion_description, discountPrice, promotion_image) values (1, 'ARMOUR Residential REIT, Inc.', '8/13/2020', '8/17/2020', 'Nulla ut erat id mauris vulputate elementum. Nullam varius. Nulla facilisi.', 14, 'http://dummyimage.com/x.jpg/5fa2dd/ffffff');
insert into promotion (promotion_id, promotion_name, promotion_start, promotion_end, promotion_description, discountPrice, promotion_image) values (2, 'Community Health Systems, Inc.', '1/30/2020', '9/24/2019', 'Curabitur gravida nisi at nibh. In hac habitasse platea dictumst. Aliquam augue quam, sollicitudin vitae, consectetuer eget, rutrum at, lorem.

Integer tincidunt ante vel ipsum. Praesent blandit lacinia erat. Vestibulum sed magna at nunc commodo placerat.', 39, 'http://dummyimage.com/x.png/dddddd/000000');
insert into promotion (promotion_id, promotion_name, promotion_start, promotion_end, promotion_description, discountPrice, promotion_image) values (3, 'Trans World Entertainment Corp.', '8/8/2020', '5/2/2020', 'In sagittis dui vel nisl. Duis ac nibh. Fusce lacus purus, aliquet at, feugiat non, pretium quis, lectus.

Suspendisse potenti. In eleifend quam a odio. In hac habitasse platea dictumst.

Maecenas ut massa quis augue luctus tincidunt. Nulla mollis molestie lorem. Quisque ut erat.', 39, 'http://dummyimage.com/x.jpg/ff4444/ffffff');
insert into promotion (promotion_id, promotion_name, promotion_start, promotion_end, promotion_description, discountPrice, promotion_image) values (4, 'Colonial High Income Municipal Trust', '5/12/2020', '1/4/2020', 'Aliquam quis turpis eget elit sodales scelerisque. Mauris sit amet eros. Suspendisse accumsan tortor quis turpis.

Sed ante. Vivamus tortor. Duis mattis egestas metus.', 12, 'http://dummyimage.com/x.bmp/cc0000/ffffff');
insert into promotion (promotion_id, promotion_name, promotion_start, promotion_end, promotion_description, discountPrice, promotion_image) values (5, 'Philip Morris International Inc', '1/29/2020', '9/30/2019', 'Phasellus in felis. Donec semper sapien a libero. Nam dui.

Proin leo odio, porttitor id, consequat in, consequat ut, nulla. Sed accumsan felis. Ut at dolor quis odio consequat varius.', 43, 'http://dummyimage.com/x.bmp/5fa2dd/ffffff');
insert into promotion (promotion_id, promotion_name, promotion_start, promotion_end, promotion_description, discountPrice, promotion_image) values (6, 'Panhandle Royalty Company', '3/19/2020', '4/21/2020', 'Pellentesque at nulla. Suspendisse potenti. Cras in purus eu magna vulputate luctus.', 11, 'http://dummyimage.com/x.jpg/dddddd/000000');insert into promotion (promotion_id, promotion_name, promotion_start, promotion_end, promotion_description, discountPrice, promotion_image) values (1, 'ARMOUR Residential REIT, Inc.', '8/13/2020', '8/17/2020', 'Nulla ut erat id mauris vulputate elementum. Nullam varius. Nulla facilisi.', 14, 'http://dummyimage.com/x.jpg/5fa2dd/ffffff');



select * from color;
insert into product_detail (product_detail_id, product_id, size_id, color_id, quantity, date_import) values (1, 3, 1, 3, 15, '7/15/2020');
insert into product_detail (product_detail_id, product_id, size_id, color_id, quantity, date_import) values (2, 15, 1, 1, 5, '5/27/2020');
insert into product_detail (product_detail_id, product_id, size_id, color_id, quantity, date_import) values (3, 25, 1, 7, 40, '8/22/2020');
insert into product_detail (product_detail_id, product_id, size_id, color_id, quantity, date_import) values (4, 5, 5, 4, 68, '7/18/2020');
insert into product_detail (product_detail_id, product_id, size_id, color_id, quantity, date_import) values (5, 6, 3, 1, 98, '9/24/2019');
insert into product_detail (product_detail_id, product_id, size_id, color_id, quantity, date_import) values (6, 21, 5, 2, 92, '2/4/2020');
insert into product_detail (product_detail_id, product_id, size_id, color_id, quantity, date_import) values (7, 5, 5, 8, 87, '9/21/2020');
insert into product_detail (product_detail_id, product_id, size_id, color_id, quantity, date_import) values (8, 23, 3, 5, 55, '12/16/2019');
insert into product_detail (product_detail_id, product_id, size_id, color_id, quantity, date_import) values (9, 8, 6, 5, 89, '2/11/2020');
insert into product_detail (product_detail_id, product_id, size_id, color_id, quantity, date_import) values (10, 13, 6, 7, 29, '2/14/2020');
insert into product_detail (product_detail_id, product_id, size_id, color_id, quantity, date_import) values (11, 14, 1, 7, 21, '12/6/2019');
insert into product_detail (product_detail_id, product_id, size_id, color_id, quantity, date_import) values (12, 14, 2, 5, 67, '11/12/2019');
insert into product_detail (product_detail_id, product_id, size_id, color_id, quantity, date_import) values (13, 11, 2, 2, 57, '10/21/2019');
insert into product_detail (product_detail_id, product_id, size_id, color_id, quantity, date_import) values (14, 13, 1, 1, 12, '7/3/2020');
insert into product_detail (product_detail_id, product_id, size_id, color_id, quantity, date_import) values (15, 4, 4, 3, 47, '5/14/2020');
insert into product_detail (product_detail_id, product_id, size_id, color_id, quantity, date_import) values (16, 3, 5, 4, 93, '8/7/2020');
insert into product_detail (product_detail_id, product_id, size_id, color_id, quantity, date_import) values (17, 10, 1, 6, 49, '8/3/2020');
insert into product_detail (product_detail_id, product_id, size_id, color_id, quantity, date_import) values (18, 1, 5, 2, 73, '1/14/2020');
insert into product_detail (product_detail_id, product_id, size_id, color_id, quantity, date_import) values (19, 17, 1, 5, 31, '2/19/2020');
insert into product_detail (product_detail_id, product_id, size_id, color_id, quantity, date_import) values (20, 11, 2, 1, 100, '11/23/2019');
insert into product_detail (product_detail_id, product_id, size_id, color_id, quantity, date_import) values (21, 19, 3, 1, 38, '12/1/2019');
insert into product_detail (product_detail_id, product_id, size_id, color_id, quantity, date_import) values (22, 12, 4, 2, 79, '7/22/2020');
insert into product_detail (product_detail_id, product_id, size_id, color_id, quantity, date_import) values (23, 22, 2, 5, 74, '9/4/2020');
insert into product_detail (product_detail_id, product_id, size_id, color_id, quantity, date_import) values (24, 18, 3, 1, 37, '11/20/2019');
insert into product_detail (product_detail_id, product_id, size_id, color_id, quantity, date_import) values (25, 11, 5, 8, 53, '3/27/2020');
insert into product_detail (product_detail_id, product_id, size_id, color_id, quantity, date_import) values (26, 16, 6, 8, 60, '11/6/2019');
insert into product_detail (product_detail_id, product_id, size_id, color_id, quantity, date_import) values (27, 16, 3, 2, 74, '2/19/2020');
insert into product_detail (product_detail_id, product_id, size_id, color_id, quantity, date_import) values (28, 7, 3, 8, 13, '4/11/2020');
insert into product_detail (product_detail_id, product_id, size_id, color_id, quantity, date_import) values (29, 8, 2, 1, 65, '2/13/2020');
insert into product_detail (product_detail_id, product_id, size_id, color_id, quantity, date_import) values (30, 18, 2, 5, 58, '12/14/2019');
insert into product_detail (product_detail_id, product_id, size_id, color_id, quantity, date_import) values (31, 8, 4, 2, 75, '7/2/2020');
insert into product_detail (product_detail_id, product_id, size_id, color_id, quantity, date_import) values (32, 2, 3, 8, 17, '7/10/2020');
insert into product_detail (product_detail_id, product_id, size_id, color_id, quantity, date_import) values (33, 5, 6, 5, 73, '3/31/2020');
insert into product_detail (product_detail_id, product_id, size_id, color_id, quantity, date_import) values (34, 21, 1, 6, 14, '2/11/2020');
insert into product_detail (product_detail_id, product_id, size_id, color_id, quantity, date_import) values (35, 13, 1, 3, 99, '3/19/2020');

select * from product_detail;
select * from product p join product_detail a on p.product_id = a.product_id where a.product_id=2;